participant_id,restaurant_id,price,clumsiness,service,hippieness,location,social_overlap
28,ChIJzy-RbJp1nkcRKpmkA1CKLwo,21,0,34,16,25,29
28,ChIJtzxWJeF1nkcRrizhO5GmNc0,74,84,50,79,26,75
28,ChIJ1UWPmtt1nkcRICYi7vP2BQ4,40,73,64,64,83,85
28,ChIJSQbzt_Z1nkcRcM7Sk9e4hwE,88,86,81,86,70,86
28,ChIJo6uwlWLfnUcRw4KsGTPTJXE,32,76,80,50,66,100
31,ChIJSQbzt_Z1nkcR-FyOQcmfG9s,22,100,81,22,100,100
31,ChIJkcC2Bl7fnUcRqxD5-VSvwMM,51,100,83,100,75,60
31,ChIJMxRR4fZ1nkcRRuh1AGGTenk,0,0,29,0,100,100
31,ChIJhejyFgolv0cRx4ujJqXHSFc,65,71,75,75,69,89
31,ChIJQ7Pxy-R1nkcRolT7hLAr5Ak,26,100,83,0,68,100
30,ChIJ9Q7E2zB0nkcRaMhUZSHtjvM,16,66,62,81,34,71
30,ChIJ7a2TAMD3cg0RD8K-iOjCzIo,70,40,12,63,77,71
30,ChIJN7kaXf5ynkcRpGXGwj8KDhY,65,69,63,17,60,38
30,ChIJeQSK5Nx2GRMRulQZMlI5Qcw,93,16,43,22,57,0
30,ChIJOSMm19P4CEERiSPEKchhT24,63,76,50,24,66,23
30,ChIJeXr7aIsHdkcRTLGS-1IxGlY,33,82,38,14,33,100
32,ChIJH8uh6tvgnUcRVuIAlycoaUk,50,62,19,25,73,33
32,ChIJ5RU_54l1nkcRGcgbZINlpMk,50,85,86,71,74,77
32,ChIJuz1If2LfnUcRLPZYvM-t0Cc,36,78,85,81,84,76
32,ChIJJTb-tfV1nkcRfHfr76wb9uk,32,93,10,5,24,22
32,ChIJhejyFgolv0cRx4ujJqXHSFc,66,76,8,93,26,50
35,ChIJVxy2Oft1nkcR28oAj6_JAWw,79,91,82,69,74,84
35,ChIJxfxSz4t1nkcRLxq9ze1wwak,42,54,38,29,75,57
35,ChIJMa1hXIp1nkcRlbN72jsWSCQ,50,65,61,61,67,51
35,ChIJyXn4u4t1nkcRF6utwBttGKQ,50,69,64,55,74,57
35,ChIJ1_jEhV4omUcRg082AzZ-4yA,28,72,57,61,50,32
42,ChIJSQbzt_Z1nkcR-FyOQcmfG9s,63,84,83,33,82,87
42,ChIJlbZj3Ox1nkcRW8Y8oyI5ctM,29,81,85,59,100,73
42,ChIJR57nRIp1nkcRDLPGy5wHmXI,59,88,86,36,100,76
42,ChIJwUCcQbh1nkcRpT0HcxtOHmU,20,100,76,87,100,86
42,ChIJhZN8eLh1nkcRfM0JftIyGX0,79,87,86,0,87,64
47,ChIJf6wzBqjYnUcR4FTiNFpZ5lo,45,94,63,73,68,73
47,ChIJE8Fr_kPfnUcRvw4X8mPGuYc,66,81,61,64,43,58
47,ChIJnTdkWvt1nkcRorkL8OCZRoo,83,84,69,64,98,32
49,ChIJpXFwOM6WyzsRDNt4k3XaefI,96,95,91,93,95,97
47,ChIJV4cMh6fZnUcRT3u7R3FISjo,40,82,64,42,13,0
49,ChIJ_Q8c8ESRyzsRLZngwt4GTh8,96,95,93,98,97,97
47,ChIJa5ereg11nkcRA56iv0O5peE,65,38,70,36,32,74
49,ChIJS0pws8-WyzsRXFPfkYpmjNY,96,96,94,100,95,97
49,ChIJF4NRh96TyzsRuQItK64EJW4,97,99,99,99,95,96
47,ChIJYRIBPAh2nkcRrmROwkVcR2E,70,88,74,64,84,66
49,ChIJp8VtcDyXyzsRvrUJd6PPex0,96,92,86,91,95,98
52,ChIJwUCcQbh1nkcRpT0HcxtOHmU,26,100,100,96,100,100
52,ChIJY3FhsO51nkcR-_uvwjXmh_w,37,90,91,33,94,81
52,ChIJlVy_kut1nkcRMjKRjpBC6T4,50,94,93,36,95,95
52,ChIJRf_Iy-V1nkcRYkahFTv_cv8,50,95,96,33,89,87
52,ChIJSQbzt_Z1nkcR-FyOQcmfG9s,50,92,78,36,100,93
53,ChIJj9spBWDfnUcRqBwfNs-ZEL8,73,67,70,50,78,80
53,ChIJN7wi_2DfnUcRk5JVafGkGRU,71,72,72,50,78,77
53,ChIJ5RU_54l1nkcRGcgbZINlpMk,52,80,70,75,80,84
53,ChIJD6Zlu7l1nkcRHzQXumBnFjU,35,67,67,50,68,68
53,ChIJiw01Qop1nkcRvZRx8z-Unbo,17,69,73,74,73,70
54,ChIJwUCcQbh1nkcRpT0HcxtOHmU,50,72,72,50,73,73
54,ChIJD6Zlu7l1nkcRHzQXumBnFjU,50,76,73,50,80,76
54,ChIJxfxSz4t1nkcRLxq9ze1wwak,85,79,74,50,76,64
54,ChIJSQbzt_Z1nkcR-FyOQcmfG9s,35,70,72,50,68,50
54,ChIJQeFv7bh1nkcRwIU0PdIJIEs,39,65,72,29,50,64
40,ChIJVdJ4Ibh1nkcRqRcBFOeeQcY,36,29,27,0,74,77
40,ChIJc18o97h1nkcR2v7btxWODX0,28,54,19,63,61,89
40,ChIJebYCmL91nkcRxywDKjTIlzo,22,78,62,86,34,86
40,ChIJR81oIb91nkcRGUbJIaSU8J8,63,100,89,69,69,72
40,ChIJhyi-iL91nkcRLT6yt9cgRf0,65,71,67,83,77,69
57,ChIJI9FJdMB1nkcRC32DTqPXMFw,63,88,65,70,63,68
57,ChIJl5gkzeV1nkcRP_m-l4_qYxA,38,88,61,80,62,83
57,ChIJwVrzjv9ynkcR45x408cJotc,59,83,73,27,42,66
57,ChIJP_4kdr91nkcRkz2Y5FNV0aw,16,23,17,21,56,67
57,ChIJe8ga9v11nkcRX8CtPNbgTJs,57,76,58,25,100,70
59,ChIJ9zVssl7fnUcRP5x91pNJH-Q,50,100,67,85,100,83
59,ChIJk6myycN1nkcRKMsoxJKcEps,27,100,40,27,50,67
59,ChIJ-9GniGLfnUcRwLXKGbZzdik,50,77,71,84,73,63
59,ChIJr7TvV-R1nkcRC5kjABpoGLA,50,68,67,64,81,63
59,ChIJS_gMjoHfnUcR9n73bsj3kBI,66,82,76,77,70,74
59,ChIJhyi-iL91nkcRLT6yt9cgRf0,45,83,77,66,69,80
59,ChIJ7cW6qbl1nkcRZ9-9tkTNUPw,24,93,42,25,100,68
60,ChIJD6Zlu7l1nkcRHzQXumBnFjU,50,81,75,28,76,78
60,ChIJeT1NDup1nkcRrvWxdwfMpSY,28,100,100,27,28,100
60,ChIJ5RU_54l1nkcRGcgbZINlpMk,64,81,64,66,92,32
60,ChIJbyS9yOR1nkcRUCwH80RQmX8,51,100,100,100,32,86
60,ChIJwUCcQbh1nkcRpT0HcxtOHmU,21,70,76,100,91,83
61,ChIJO33lbex1nkcReqENVvSPak8,76,69,80,13,57,63
61,ChIJ3wpBDB97n0cRmo8HFpHmL_U,17,89,92,0,18,100
61,ChIJX6cuPgvBn0cRHJMxNDvV0JI,66,80,84,70,92,58
61,ChIJiQaMr_d1nkcRhZgP1_GEwAQ,40,62,37,19,81,35
61,ChIJnZon_exynkcRZLGBheWV3fY,28,78,88,62,100,91
62,ChIJ0SA6ol7fnUcRY94JlDkvHIM,42,100,100,100,100,82
62,ChIJGymGb13fnUcR42wkD59XZLw,100,11,43,50,100,54
62,ChIJSQbzt_Z1nkcR-FyOQcmfG9s,42,10,37,31,100,33
62,ChIJtzxWJeF1nkcRrizhO5GmNc0,44,78,74,50,100,74
62,ChIJhejyFgolv0cRx4ujJqXHSFc,32,28,42,50,100,39
57,ChIJhejyFgolv0cRx4ujJqXHSFc,38,85,22,50,84,37
58,ChIJBer6x5XPnUcRbrhTfvH624E,50,79,81,80,95,68
58,ChIJhejyFgolv0cRx4ujJqXHSFc,55,73,63,56,73,85
62,ChIJnZ9UnLl1nkcRWJex_7H-20o,26,50,50,50,100,40
58,ChIJFwSNT_IBCUERKgoTuCz6Lho,62,72,8,32,67,78
58,ChIJlwo2uYt1nkcRgwFo0PhZze0,36,71,71,63,72,82
58,ChIJG7onr6V1nkcRwj0tZvIapSE,70,76,57,60,91,86
70,ChIJH1TQ28CkLBMRbj7dbApISNo,23,83,67,18,67,61
71,ChIJ5RU_54l1nkcRGcgbZINlpMk,53,81,31,53,81,62
71,ChIJwWiCvOt1nkcRI56cKONAkwg,49,77,24,66,84,68
72,ChIJhxqfakzfnUcRYYQHZ-AfPzM,68,100,78,60,78,74
71,ChIJdceZ6VjfnUcR0lz1CRSg8OY,39,67,79,20,85,74
72,ChIJT-EVUzXfnUcROaisVzQrV8k,60,64,66,82,38,70
71,ChIJsWTRF1bfnUcRMfqEdeR-KOs,77,63,39,13,37,42
72,ChIJ95BJt8rYnUcRB0Ga4sJFNxw,33,28,15,61,98,90
71,ChIJSQbzt_Z1nkcR-FyOQcmfG9s,50,72,33,40,66,63
72,ChIJvQjlg1jfnUcRaqJeLcXVaOY,73,88,75,100,91,71
71,ChIJU_anGPp3X0YRTIbCK2z6-bA,39,92,92,34,58,50
72,ChIJUxIn3WbfnUcRtZEI7zJxi8s,65,67,68,69,68,41
73,ChIJf9f0PKhYdEcR4Nz-_Y_fnpo,0,61,50,69,74,87
73,ChIJl5gkzeV1nkcRP_m-l4_qYxA,58,76,50,74,33,77
73,ChIJbTJCb2J1nkcRhMX1rN7JwFM,62,100,70,11,76,70
73,ChIJd05W5wD2dEcRHyt3CGpILlQ,82,57,64,0,75,45
73,ChIJDZRuZ4t1nkcR8kMVtpyBMt0,100,100,100,0,21,13
19,ChIJ6cmn1AfZnUcR9oe5ICHxLTU,37,57,44,44,41,79
19,ChIJM8L39yXEnUcRk8aJInSyZdg,46,74,72,58,63,63
19,ChIJg30bkSRfCEERhhzNxeoK5KU,50,75,71,42,46,63
74,ChIJeRrgJR1nUjoRjWJqtY7F-QQ,43,68,74,65,79,71
25,ChIJo6uwlWLfnUcRw4KsGTPTJXE,50,70,69,6,43,50
74,ChIJ5RU_54l1nkcRGcgbZINlpMk,63,59,74,51,76,72
75,ChIJU1VVIuh2AjoR0W7F_rNzRlg,0,100,100,50,100,100
74,ChIJyXn4u4t1nkcRF6utwBttGKQ,65,78,67,64,100,60
74,ChIJuUl8k2pmUjoRoc2Uc-SrH_M,64,87,79,38,78,58
74,ChIJO6LZKIh1nkcRiYpaRyUkxLw,62,62,60,19,47,40
77,ChIJhxqfakzfnUcRYYQHZ-AfPzM,50,91,89,36,73,81
75,ChIJi6KRyCp3AjoRSWrvZ6arG9Q,50,50,50,50,50,50
77,ChIJe5XNX7PYnUcRJQxR4PFPDac,70,88,90,23,90,78
77,ChIJaw4xxkrfnUcRrtP5DRrC_Fk,83,98,80,50,90,82
75,ChIJvWJZAX11nkcRnT-Q6Pb-rkw,50,50,50,50,50,50
75,ChIJq6qq2t12AjoRvyqwtgaREPE,50,50,50,50,50,50
75,ChIJEfzCO7r9mzkRHFoXu7K_eCw,0,100,100,50,100,100
77,ChIJT-EVUzXfnUcROaisVzQrV8k,50,67,77,63,68,67
77,ChIJ95BJt8rYnUcRB0Ga4sJFNxw,77,34,50,23,10,95
79,ChIJz-OGvFvfnUcRiYJWHpxESew,67,100,78,65,57,37
79,ChIJOUO1yXIznkcRNxdmnzYWAQU,18,100,100,12,100,100
79,ChIJQZp1oPt0nkcRiqFr_RTKItw,56,78,65,7,100,65
79,ChIJF-hso-t1nkcR-U0xgkt__3M,62,72,38,76,100,67
79,ChIJz45Ky1jfnUcRk6tNEyggPHk,71,71,65,65,100,75
79,ChIJ2YJ3mHzfnUcRZ8LfM7KI30k,79,75,67,13,88,76
81,ChIJjzcOtRcmnkcRxAy5u1opM7Q,36,90,88,0,71,64
81,ChIJ0UD5ynImnkcRQxXSiNtjAw0,17,23,61,35,100,75
81,ChIJvZIzNvYlnkcRvi_1t7J_1Rk,21,21,77,25,33,81
81,ChIJzdQFn3MmnkcRKoMBrqIyTIs,20,28,29,25,73,65
81,ChIJ6QYr2XMmnkcRKr5zSdtqDqw,66,86,79,17,100,84
82,ChIJiQaMr_d1nkcRhZgP1_GEwAQ,11,30,32,13,82,65
82,ChIJTQlycvl1nkcRfNr4k7SUkxg,19,36,31,18,97,58
82,ChIJl9ieS-QlnkcRa5phBM-c0Aw,34,61,73,37,97,78
82,ChIJrRdqUO91nkcROzFfYdW0mjM,74,72,27,81,100,80
82,ChIJO33lbex1nkcReqENVvSPak8,82,81,67,73,87,75
83,ChIJLZdndoV1nkcRgnJs-3YNPJw,43,89,90,0,100,50
83,ChIJryc5X9p1nkcRRWQ0nk1JE3I,70,66,37,0,88,50
88,ChIJbyS9yOR1nkcRUCwH80RQmX8,74,100,100,100,75,100
88,ChIJo-2ZufR1nkcRWEZYKjOWbio,73,73,63,73,85,83
88,ChIJx5-MpX3fnUcR9Tsy83A7Q2c,34,76,71,29,40,81
88,ChIJz45Ky1jfnUcRk6tNEyggPHk,70,71,70,67,70,70
88,ChIJJ3r1Iux1nkcR89Q02AjDWJ0,14,55,60,0,53,70
88,ChIJO33lbex1nkcReqENVvSPak8,73,63,60,72,83,21
88,ChIJGQwFl1DfnUcRQ_R4caDq1f0,82,24,65,65,74,30
8,ChIJxfxSz4t1nkcRLxq9ze1wwak,63,74,70,24,83,65
8,ChIJnVCFCPl1nkcR2-0HTPR2B7U,69,72,66,50,77,59
8,ChIJicU4Kj52nkcROo7KLgbsWYc,36,99,61,27,93,93
8,ChIJHeg9F1_fnUcRodyOlcSDA7Y,97,66,70,36,91,36
8,ChIJMxRR4fZ1nkcRRuh1AGGTenk,9,10,70,87,79,20
89,ChIJScWaaop1nkcRSalI_h--24Q,60,100,74,34,100,100
89,ChIJpSww8ULfnUcRdXasT5xHJ44,63,74,73,29,32,100
84,ChIJ8dHXli3lmUcRbSsbGrUNotc,50,78,70,63,53,80
84,ChIJz5Y6At3kmUcR2tnooD8-CDs,59,81,67,13,100,77
84,ChIJ5yW5g-_YnUcRVTTBNb7xfho,54,84,69,63,72,60
84,ChIJcwwwBtP6mUcRzrLJR8kF6MQ,29,47,66,75,80,68
84,ChIJc-huVdT6mUcR81h3AxKXJVw,80,38,55,87,55,80
49,ChIJPYeBMlvfnUcRkpE-ahhWlVo,99,93,90,95,97,97
49,ChIJJxx6Yvl1nkcR3wKvmRIZuW8,92,98,91,96,96,95
49,ChIJ56fJIvd1nkcRvJ7vYPfBkME,99,97,96,96,93,96
49,ChIJZRsKt-p3nkcRC4npIl4H8wo,98,98,86,95,95,95
92,ChIJUeeIpWDfnUcRsf5OpxWbjxY,20,72,50,63,82,66
92,ChIJAfSN-AZjnkcRQafzW5zoDHk,36,72,26,37,36,36
92,ChIJ5RNJ2vh5nkcRh_h3gh7kKk4,24,86,90,72,59,67
92,ChIJ7x74GfCifDURbInzekuklzA,50,87,69,68,92,62
92,ChIJ07CxgJl1nkcRA1A5FBRRz-8,66,79,11,82,50,64
83,ChIJyXn4u4t1nkcRF6utwBttGKQ,71,76,78,3,91,78
83,ChIJs1dbvWXfnUcRA_sNidoOQZw,36,81,81,2,68,38
70,ChIJ17bklcGkLBMRC_vnSUtCxV8,13,67,66,9,66,50
70,ChIJL8da3wKAMhMRhEiMKzeggEY,61,88,86,38,88,77
83,ChIJZck49IV1nkcRIfjq1j1JlUo,30,67,66,5,89,65
70,ChIJ4ZUSFeyUC0cRV7WrymAISVw,42,64,50,42,94,60
70,ChIJUb-uEfrfTEYR8u86Y5Jhzq8,79,62,66,55,79,50
95,ChIJ5yB36WbfnUcR6Q8TEb5Pw1M,70,84,85,100,90,77
95,ChIJd7TOM2_fnUcRUXLWos6-O_M,65,69,50,36,100,74
95,ChIJoY0AXl3fnUcRqN5tWc7XJg8,68,87,83,83,65,76
95,ChIJIeM-rOt1nkcRKGqmYyc5fPY,67,100,100,77,77,85
95,ChIJ-22Pf_B1nkcRVGrTPtHl_HU,85,83,73,0,80,65
78,ChIJC0FJUdPYnUcRuTp6EPpQQ70,50,85,90,16,85,50
78,ChIJe8ga9v11nkcRX8CtPNbgTJs,26,50,83,25,81,82
78,ChIJebYCmL91nkcRxywDKjTIlzo,70,83,83,58,88,50
78,ChIJhxqfakzfnUcRYYQHZ-AfPzM,50,94,83,50,89,84
78,ChIJW39zDbfYnUcRyLvLyLSUJqU,50,50,50,34,21,32
97,ChIJXwPCMQ92nkcRhV59F2-BmOE,50,78,63,77,89,50
97,ChIJ1cl5OQl2nkcR5VBF8X-772Y,23,100,69,75,50,50
97,ChIJYRIBPAh2nkcRrmROwkVcR2E,50,31,32,50,60,20
97,ChIJEZGL2wh2nkcRZwAmh2VRphc,35,44,41,35,75,86
97,ChIJpVUc6gh2nkcR1tmy6eibHis,70,50,54,65,67,85
97,ChIJ7YIP_ex1nkcRmHP7GDsDxM4,62,50,60,68,33,12
39,ChIJj_5_TA-cnkcR1TqzNLsoPno,40,86,67,31,73,73
39,ChIJEVc9jA6cnkcRF4jcSTNoGZQ,32,100,63,58,45,74
39,ChIJxymsyg6cnkcRSyUIXSU8hx8,25,72,77,21,65,39
39,ChIJvxBELgmcnkcR84FDN7_gOsA,35,33,36,0,71,60
39,ChIJUZi2IhCcnkcRGAO-bRMY_H4,20,85,75,67,63,80
11,ChIJDcGVMC52nkcRYSGaHm491IQ,54,71,67,64,81,80
11,ChIJV68FLXfinUcRIhnw61VZSUE,45,94,81,86,62,52
11,ChIJtzxWJeF1nkcRrizhO5GmNc0,90,78,35,100,59,81
11,ChIJe8ga9v11nkcRX8CtPNbgTJs,78,62,27,34,61,40
11,ChIJBegRr0flnUcR_zxTveqGI4s,33,86,68,100,69,58
11,ChIJK2YLxekQgkcRJj1vDKb7HHA,100,41,28,74,86,32
98,ChIJU2i7zAB2nkcRBZ3nbBsKO10,48,89,40,20,88,69
98,ChIJhyi-iL91nkcRLT6yt9cgRf0,47,87,38,31,69,70
98,ChIJk9IxjKt7nkcRZtsmTuXoTuU,60,66,75,24,39,31
98,ChIJgaB8m0t6nkcRETbo0mtSqP4,39,33,42,29,60,69
98,ChIJr-zz_OxynkcRF4Oyo_JCEDw,21,86,20,69,82,73
55,ChIJlwo2uYt1nkcRgwFo0PhZze0,71,61,69,15,89,72
55,ChIJ-ymJ1k3fnUcRqn9IGvIjWss,63,100,81,0,100,100
55,ChIJdeXDgFrfnUcRwYPI0V7JfY4,66,79,100,0,84,100
55,ChIJVQoueo7YnUcRnG_DJZSt4vM,69,70,77,72,34,52
55,ChIJbcNioPt1nkcRrLtE6XS-Oec,56,38,16,0,39,100
55,ChIJHYnxu_d1nkcRxcqt1g3epfA,30,58,43,8,77,95
55,ChIJT5FE2_d1nkcRWgx9bskMvoE,91,83,36,13,89,81
102,ChIJV-V2xoV1nkcRju3rr5kFfLE,24,63,37,73,89,87
102,ChIJVa3Hi4V1nkcRhYmLt1QWF4c,67,57,66,19,89,69
102,ChIJZck49IV1nkcRIfjq1j1JlUo,85,80,84,60,100,61
102,ChIJXauUCXjfnUcRSzwNxiPdfIw,56,64,76,20,84,60
102,ChIJXwPCMQ92nkcRhV59F2-BmOE,88,98,74,26,74,29
94,ChIJY-FRmV6ALRMRc-3yZ8261ko,65,98,69,37,30,42
94,ChIJ1x8d05sIOxMR4YY_cIYx6Mk,49,100,64,27,64,78
94,ChIJL95pBLt_LRMRbUth8uqQAm4,66,65,61,54,61,66
94,ChIJRVdhXI9_LRMRkN3XPa1Baj0,42,75,50,27,51,63
94,ChIJDzXHbrx_LRMRBg12WxxGvmw,78,52,65,72,85,55
93,ChIJ7yG9ZcF_LRMRzLNkZJSl5Sg,65,74,81,34,59,63
93,ChIJh6YG555_LRMR8NTp8XuO_8M,80,100,78,14,65,86
93,ChIJd6MPE5V_LRMR9Hy8jwH_m8E,50,65,40,50,57,44
93,ChIJq9Dm5Yp4LRMROzQQHTbnHXc,49,61,55,45,40,38
93,ChIJr7Rijr5_LRMRR1lUlUP-Ee4,44,83,62,37,67,64
37,ChIJyXn4u4t1nkcRF6utwBttGKQ,79,100,100,85,95,56
37,ChIJxfxSz4t1nkcRLxq9ze1wwak,86,42,38,21,97,57
37,ChIJkXU5GJAPCUERmS_E6L-EYE0,15,7,32,17,27,97
37,ChIJz45Ky1jfnUcRk6tNEyggPHk,34,94,96,92,94,96
37,ChIJGQwFl1DfnUcRQ_R4caDq1f0,65,68,60,74,34,61
105,ChIJtQQHpJR1nkcR1rIHF0cT-M0,50,67,65,81,88,68
105,ChIJhyi-iL91nkcRLT6yt9cgRf0,41,80,67,0,90,100
105,ChIJ-9GniGLfnUcRwLXKGbZzdik,53,81,65,72,78,84
105,ChIJYfCeKkx0nkcR2yFR6xpGC0Q,28,58,58,17,50,67
68,ChIJfXabyop1nkcRBgyYVSK47qU,50,79,77,0,72,50
68,ChIJxfxSz4t1nkcRLxq9ze1wwak,22,50,50,8,87,73
68,ChIJnxlJ14p1nkcRyRBV1aVnSjY,76,70,38,46,100,55
68,ChIJNy_A8u4CnUcRnD13U6UFaRA,80,69,61,61,0,8
68,ChIJnedKEVrYnUcRlTOB7137l6Y,53,62,67,59,62,0
105,ChIJebYCmL91nkcRxywDKjTIlzo,77,59,22,0,82,28
107,ChIJYe0scEicnkcRarj0hJNGbP4,50,100,100,0,68,74
63,ChIJ76_VOet3nkcRVoIOLhy63MY,49,100,100,26,62,88
63,ChIJN_bkN-13nkcRhEdTUVxp2Ec,38,64,34,37,50,80
63,ChIJzdL1tep3nkcRIGggl3NMjhA,67,72,76,89,75,84
63,ChIJbZvz-OGum0cRdQIMkI66ho8,37,100,71,65,100,83
63,ChIJkXU5GJAPCUERmS_E6L-EYE0,0,30,50,39,0,71
108,ChIJe8ga9v11nkcRX8CtPNbgTJs,40,90,79,50,77,75
110,ChIJ5RU_54l1nkcRGcgbZINlpMk,80,100,80,71,100,78
108,ChIJEe9h-r91nkcReDKcmuY8d50,50,100,100,60,100,100
110,ChIJQT66icd1nkcRsTUHokN2-Sk,36,50,20,0,100,36
108,ChIJxfxSz4t1nkcRLxq9ze1wwak,72,61,43,34,76,50
108,ChIJlbZj3Ox1nkcRW8Y8oyI5ctM,21,100,100,72,100,83
110,ChIJ1ZjrSYp1nkcRmsU5W9ezu8U,75,100,70,0,36,38
111,ChIJeZ3ZCxZ2nkcRC_F0BX9FDtM,32,100,100,82,62,100
110,ChIJrf0XyGbfnUcR_z0dCtYXR8c,65,100,66,73,65,17
110,ChIJp3iZ5Fp0nkcRtmKdWM2zQPI,25,79,62,80,100,4
109,ChIJdceZ6VjfnUcR0lz1CRSg8OY,29,100,73,50,100,76
111,ChIJYfCeKkx0nkcR2yFR6xpGC0Q,67,77,100,31,96,76
111,ChIJf4AoOmDfnUcR3GjmXg2UPuI,50,95,100,100,72,30
111,ChIJEe9h-r91nkcReDKcmuY8d50,76,89,53,64,87,100
109,ChIJEe9h-r91nkcReDKcmuY8d50,70,100,72,67,57,34
108,ChIJYfCeKkx0nkcR2yFR6xpGC0Q,50,77,100,50,50,71
111,ChIJn2eIyrh1nkcRJvpjJ8tXFjA,75,100,78,100,100,30
109,ChIJSwHJkSZrnkcRqWvnE0PJTd8,8,8,0,0,7,70
109,ChIJicOwNVzfnUcRznn5i-zriFY,70,100,100,95,69,76
111,ChIJxfxSz4t1nkcRLxq9ze1wwak,100,31,25,68,84,78
109,ChIJyXn4u4t1nkcRF6utwBttGKQ,100,100,72,21,100,32
17,ChIJvQjlg1jfnUcRaqJeLcXVaOY,70,100,66,80,83,100
17,ChIJwVrzjv9ynkcR45x408cJotc,36,100,74,35,77,100
17,ChIJhyi-iL91nkcRLT6yt9cgRf0,30,79,100,64,100,100
17,ChIJebYCmL91nkcRxywDKjTIlzo,68,40,72,31,100,35
17,ChIJe8ga9v11nkcRX8CtPNbgTJs,16,74,70,70,100,100
15,ChIJ60Sm--V1nkcRv_e5yinXKME,80,50,75,19,70,72
15,ChIJ_ZkgKcF1nkcR2w7B_bbjutI,91,82,58,21,62,80
15,ChIJlVy_kut1nkcRMjKRjpBC6T4,35,76,50,73,63,75
114,ChIJG5xhq_9ynkcRJaNeYUx_dv0,85,28,32,50,58,66
85,ChIJb1FvNTJznkcRh2m6-QD0Sxk,21,76,61,70,97,77
13,ChIJDVLEaot1nkcRIcYDAStkpc4,30,83,53,67,98,76
114,ChIJzy-RbJp1nkcRKpmkA1CKLwo,50,50,50,50,50,50
2,ChIJG5xhq_9ynkcRJaNeYUx_dv0,67,100,78,78,73,70
114,ChIJoSrsRP5ynkcRjqG5rBuYZTU,50,50,50,50,50,50
55,ChIJxfxSz4t1nkcRLxq9ze1wwak,65,72,58,19,79,83
85,ChIJ9YMYbEFznkcRw2lPUfKkLoE,59,79,74,33,100,69
114,ChIJSZ3-rLl1nkcR6VOGLgdlPL0,50,50,50,50,50,50
114,ChIJvS68Ob91nkcROz72PRxVZzI,50,50,50,50,50,50
2,ChIJ8eTZSFffnUcRCKrmDW2cJi8,81,15,93,99,100,26
85,ChIJd784Nj10nkcRGEkU95oNBxk,36,100,69,76,34,100
85,ChIJUcJs8OcLnkcRse1PCHZJ1_E,20,78,48,66,36,100
112,ChIJebYCmL91nkcRxywDKjTIlzo,80,80,94,0,98,80
85,ChIJvybdFjxrnkcRfP1mLxETNdg,28,89,77,68,62,72
113,ChIJ5RU_54l1nkcRGcgbZINlpMk,57,78,62,74,63,72
112,ChIJ636rWFjfnUcRQnYqEhCOCOY,100,27,60,100,100,70
112,ChIJE8Fr_kPfnUcRvw4X8mPGuYc,25,70,68,2,60,16
113,ChIJ_SjJmeZ1nkcRlik_AcAdA8E,70,65,65,62,64,65
121,ChIJbyS9yOR1nkcRUCwH80RQmX8,54,100,100,73,81,69
121,ChIJvU0_gel1nkcRT4LaXa2PuNI,34,100,100,87,100,72
121,ChIJSaTJyuV1nkcRITRsTXaiARA,36,100,100,0,100,64
121,ChIJl1jXp-x1nkcRWOz1L2XZjOg,58,100,100,82,100,75
121,ChIJk_E9pRJ1nkcR_gj14oF1w4U,64,100,100,71,100,77
104,ChIJScWaaop1nkcRSalI_h--24Q,50,78,63,61,100,100
48,ChIJMxRR4fZ1nkcRRuh1AGGTenk,36,50,29,17,100,50
48,ChIJXwPCMQ92nkcRhV59F2-BmOE,58,91,90,77,63,67
48,ChIJPTp25_Z1nkcRv-WOSere1aI,80,81,58,60,91,58
48,ChIJGXWiYCp2nkcRSs0fgoHJ858,60,83,75,35,79,65
48,ChIJo6uwlWLfnUcRw4KsGTPTJXE,57,91,57,53,80,75
123,ChIJO33lbex1nkcReqENVvSPak8,83,83,88,20,100,100
123,ChIJ-6LRkex1nkcRpfolAl0dCBQ,26,79,60,21,100,81
123,ChIJD6Zlu7l1nkcRHzQXumBnFjU,68,28,40,17,65,26
123,ChIJbUfBymDfnUcRfJHAjijfHSA,40,77,86,0,79,76
123,ChIJ1_roxSt0nkcRjd1cTPqr0BQ,67,91,94,0,29,77
122,ChIJXbtEszGufkcRIcu_iuFC9VM,77,26,0,0,14,100
122,ChIJ4Z7tHXHfnUcR9ipc7_YU1AQ,36,50,26,15,71,42
122,ChIJrWWbTlrfnUcREzlWn8i5Ko8,15,70,68,77,100,39
122,ChIJe28YeoHfnUcRSiQFL5pfT1c,37,77,74,24,68,50
122,ChIJr-zz_OxynkcRF4Oyo_JCEDw,13,74,69,27,100,100
122,ChIJnZon_exynkcRZLGBheWV3fY,26,77,93,67,100,100
122,ChIJdSBLuvd1nkcR6iLDrfodk5Y,70,100,100,87,72,71
122,ChIJdXJ_ZXffnUcR7lQpdb6iX5Q,38,56,32,23,73,50
122,ChIJ_20mWmnfnUcRz4gOZ0yNojc,40,100,100,100,80,80
122,ChIJtwMlbmnfnUcRPhgrK5ENZ8s,77,85,84,54,62,58
122,ChIJkxeZpf5RqEcR5TkFkROUSjY,62,100,100,100,67,100
122,ChIJ-ymJ1k3fnUcRqn9IGvIjWss,65,100,86,42,38,59
122,ChIJ0aVSGy0L1kgRJ7bAsSZ2Ac8,53,100,70,63,73,59
122,ChIJPVuIx17MHkcRLTw4MxAEGqg,33,100,100,100,100,75
122,ChIJJ6elAkKU3UYRmU-_Tk-SFTI,4,100,69,17,22,43
76,ChIJTxt4h1DYnUcRT5zsqo15oa4,20,86,74,50,79,78
76,ChIJ46BKj1rYnUcRI9qaSnuBISk,15,71,75,50,86,81
76,ChIJq733sqoOvUcRgGlyBisjbLo,9,84,40,27,69,81
76,ChIJvzNjhensDzkRQ5lxfBuYzyY,52,98,59,27,73,42
76,ChIJ6a3yJ4qGcUERrpHWrxq_k8I,62,98,69,70,79,64
116,ChIJFwSNT_IBCUERKgoTuCz6Lho,33,80,37,0,76,83
116,ChIJ76_VOet3nkcRVoIOLhy63MY,80,73,76,0,61,100
116,ChIJxfxSz4t1nkcRLxq9ze1wwak,100,72,33,0,100,100
116,ChIJk12CGdj1r0cRimIFPTIyueQ,0,100,100,0,100,17
116,ChIJDaqRkya_woARN85cYzM3cbA,22,100,73,0,100,66
67,ChIJiw01Qop1nkcRvZRx8z-Unbo,71,62,77,26,100,69
67,ChIJiZ1PW1DfnUcRxRuM8f59N_Q,41,100,61,0,70,66
67,ChIJc18o97h1nkcR2v7btxWODX0,16,66,81,62,75,91
67,ChIJfemt4Ll1nkcR9C6vY3NGfM8,3,42,62,47,52,55
67,ChIJOeXL20F2nkcRLcPjHEDJjrg,20,100,67,40,68,86
50,ChIJNd8IM990nkcRocp8kTcELtQ,71,100,85,12,50,8
50,ChIJl858IcJ1nkcReZeWKjn6ysc,57,87,100,8,80,13
64,ChIJzb1N8OxynkcR_ufg6x5BLCg,66,84,32,29,97,71
50,ChIJhyi-iL91nkcRLT6yt9cgRf0,42,87,66,28,84,80
50,ChIJs_zqzsZ1nkcR64tMGlIIJ0Y,61,93,88,72,100,33
64,ChIJ5xo8_OxynkcR3Fn9nBDptMQ,32,36,74,65,97,66
50,ChIJ60Sm--V1nkcRv_e5yinXKME,60,100,80,26,58,89
64,ChIJr-zz_OxynkcRF4Oyo_JCEDw,64,32,9,35,93,87
64,ChIJkXU5GJAPCUERmS_E6L-EYE0,12,13,49,27,68,76
64,ChIJyXn4u4t1nkcRF6utwBttGKQ,70,96,92,66,76,50
128,ChIJi9exExC2yhQRE6xAOUOUZ8M,75,100,79,76,77,100
128,ChIJ8ZPLqfV1nkcRcOow7jfQLYk,50,77,68,77,100,74
128,ChIJGQwFl1DfnUcRQ_R4caDq1f0,60,100,45,73,56,100
128,ChIJQQ8lDPl1nkcRIlFIDny9LxY,57,70,49,100,33,43
128,ChIJm2QRcsZ1nkcRJClgP1qTovs,47,69,54,53,77,60
26,ChIJiWEtVJHfnUcRXEJVWxvcL0c,65,72,75,34,40,40
26,ChIJEZNnxZ_fnUcRJUrLRSM02mA,57,84,80,55,74,69
26,ChIJhRqTJop1nkcRtORqruqmdQk,39,79,50,65,64,70
26,ChIJHZnsh4rFCUcR_pYjytqEc-k,70,89,41,29,88,9
26,ChIJkXU5GJAPCUERmS_E6L-EYE0,12,43,40,75,85,72
26,ChIJ-6NCOokBCUERl-2iFjRC5VA,18,31,35,66,72,70
26,ChIJrRdqUO91nkcROzFfYdW0mjM,31,35,33,31,81,65
26,ChIJWWkdEu91nkcR2N_X9ikHlws,23,35,35,29,83,72
26,ChIJEWeIqPJynkcRYVXXXfj2Fps,19,75,69,50,77,71
129,ChIJFc8Tpvt1nkcRksgh1aspaSk,0,100,45,100,100,0
129,ChIJhyi-iL91nkcRLT6yt9cgRf0,50,71,68,100,68,50
129,ChIJtzxWJeF1nkcRrizhO5GmNc0,72,79,74,50,82,50
129,ChIJwUCcQbh1nkcRpT0HcxtOHmU,44,66,54,80,73,50
129,ChIJO6MKlPB1nkcRziC9tAYY7WI,50,67,50,76,69,50
132,ChIJBTcMWz39YkcRvC-dx4gnHLk,32,100,100,50,44,67
132,ChIJhejyFgolv0cRx4ujJqXHSFc,44,100,55,53,78,69
132,ChIJM_MuzZY1mUcRqnlDHGfFFb4,28,100,100,13,47,91
132,ChIJ-4sMvokZY0cRw6sOWmw3h8A,46,77,62,66,84,60
132,ChIJlwc8cBVTmUcRfBM-K6vyXY4,75,85,52,0,61,41
134,ChIJC54i61DfnUcRqRL3ZnzHJ3E,71,100,81,0,81,100
134,ChIJk5qkn4F1nkcRRCvIqAG2Iw4,74,0,0,0,38,100
134,ChIJx19N3LUynEcRPhsYgQZ5tvU,68,100,83,30,64,100
134,ChIJ13uMbEfUnUcRDVU5YxZccoE,60,100,100,0,50,100
134,ChIJXdJlyDjUnUcR2vUfgFrkmlI,50,100,81,15,29,100
117,ChIJXdMIS_N1nkcR_gpA4OGgDTc,33,76,40,62,87,86
117,ChIJbyS9yOR1nkcRUCwH80RQmX8,50,79,50,75,72,83
117,ChIJo1taZYwBCUERoLKitMOdtdw,31,77,56,43,68,81
117,ChIJkXU5GJAPCUERmS_E6L-EYE0,21,43,64,22,50,98
117,ChIJm5KyvAQLdkcRfUr-D_9PjiU,31,86,99,65,66,92
9,ChIJ5RU_54l1nkcRGcgbZINlpMk,57,40,63,45,71,81
9,ChIJkXU5GJAPCUERmS_E6L-EYE0,20,22,29,21,34,80
9,ChIJj5XQHMlC1moRr-au_PgprUY,56,72,71,43,74,70
9,ChIJiS5pIOx1nkcR4Eo2VJD4TTk,38,62,41,58,36,58
9,ChIJMxRR4fZ1nkcRRuh1AGGTenk,38,37,42,32,90,74
113,ChIJMxRR4fZ1nkcRRuh1AGGTenk,25,37,50,31,66,41
113,ChIJnVCFCPl1nkcR2-0HTPR2B7U,43,75,63,66,61,68
113,ChIJU2i7zAB2nkcRBZ3nbBsKO10,41,64,60,65,39,60
133,ChIJlwc8cBVTmUcRfBM-K6vyXY4,32,78,70,8,58,58
133,ChIJBTcMWz39YkcRvC-dx4gnHLk,16,84,86,83,81,87
133,ChIJ5RU_54l1nkcRGcgbZINlpMk,19,86,84,96,85,86
133,ChIJM_MuzZY1mUcRqnlDHGfFFb4,17,97,97,71,79,96
133,ChIJ-4sMvokZY0cRw6sOWmw3h8A,12,84,80,33,61,58
139,ChIJbfe_W4ffnUcRLvUQJ-XgyJ8,31,100,88,0,37,46
139,ChIJ7QZjgV_fnUcRQYr2Ii8RwOY,66,100,100,64,100,58
139,ChIJf8-tUy_fnUcRmtMuAQeXRE8,35,67,69,9,39,55
139,ChIJHeg9F1_fnUcRodyOlcSDA7Y,67,88,72,82,84,52
139,ChIJidSoDBzgnUcRny_WAQ7PaCI,0,21,41,45,100,41
139,ChIJYWUkRh_gnUcR3VU29ofuXVw,36,59,87,70,78,67
140,ChIJsTbLhx7-CEERYm8tsJLgXlE,68,80,72,80,76,36
140,ChIJwUCcQbh1nkcRpT0HcxtOHmU,13,84,67,88,86,94
140,ChIJhc9lA7l1nkcRHO4RRDPSM1g,68,92,92,84,87,86
140,ChIJhZN8eLh1nkcRfM0JftIyGX0,64,69,57,64,85,86
140,ChIJnVCFCPl1nkcR2-0HTPR2B7U,28,97,83,93,98,89
141,ChIJZTxaobl1nkcR1IUTgyD9EWM,50,91,72,99,100,0
141,ChIJHeg9F1_fnUcRodyOlcSDA7Y,37,90,50,100,41,1
141,ChIJJWxmUil0nkcRUsQKYP8wZQY,19,85,99,100,100,0
141,ChIJtbKZ_rd1nkcRNc9L1q89c7Q,68,100,100,51,100,0
141,ChIJ7SBCFut1nkcRd21KyPLeybw,50,100,100,100,100,0
135,ChIJvwexSLAHeUcR3BmoltM0YJI,58,86,67,59,100,63
135,ChIJs58_snYGeUcR3S614EelM3s,77,85,65,23,71,68
135,ChIJRU47VRcKeUcRdgQDoz930Ss,100,100,100,21,72,86
135,ChIJr7WWf7kHeUcRQZuLhbivtu8,40,85,58,63,82,68
135,ChIJP5Ilxr4HeUcR2EINyjdjeQA,37,100,83,52,79,75
136,ChIJb4RsWL4HeUcRt3xmoJUkVOU,70,82,92,26,82,74
136,ChIJy1-eyb8HeUcR7L-Xkuz5I2o,39,61,59,56,68,63
136,ChIJocgBxvMHeUcR9VdSjJw7Bfs,33,43,45,59,65,50
136,ChIJL3wPArAHeUcRFxPIb8gC4nQ,63,77,78,58,71,82
136,ChIJbfz9jbAHeUcRqksxL09xMa0,41,70,65,62,71,62
138,ChIJlxbvxl7fnUcR2sQR9gv-h_c,80,77,74,21,77,21
138,ChIJ7QZjgV_fnUcRQYr2Ii8RwOY,90,90,67,8,60,20
138,ChIJMa1hXIp1nkcRlbN72jsWSCQ,76,96,50,20,50,72
138,ChIJRebFi_V1nkcRkiYIjwCQ33A,72,82,95,74,88,69
138,ChIJWSpmWop1nkcRZSRCDS-wOeU,81,72,21,16,56,50
146,ChIJAfSN-AZjnkcRQafzW5zoDHk,18,100,100,0,100,100
146,ChIJn1i9catjnkcRUfGk3lw0nfs,77,80,80,82,100,100
146,ChIJo6uwlWLfnUcRw4KsGTPTJXE,0,100,100,0,24,61
146,ChIJHf4YMgKRnkcRqU_6mj8Jnjo,49,100,71,100,36,100
146,ChIJ5xo8_OxynkcR3Fn9nBDptMQ,0,100,100,0,100,100
87,ChIJG5xhq_9ynkcRJaNeYUx_dv0,33,77,11,35,72,69
87,ChIJxWSAXkd1nkcR87PUTzkpVuU,68,37,71,61,59,27
87,ChIJN7kaXf5ynkcRpGXGwj8KDhY,50,37,57,50,59,22
87,ChIJw3DFUYLfnUcRfvBCAC1K0Bc,29,74,69,72,62,63
87,ChIJVVWxZ-R1nkcRrYkjIyFsKew,62,54,60,50,58,38
149,ChIJxfxSz4t1nkcRLxq9ze1wwak,60,72,33,30,88,56
150,ChIJI8AhzSzOnUcRGPpB7EhLhNw,36,77,77,50,50,49
150,ChIJA1DHoinQnUcRtoOkl6wWUBo,68,27,50,21,35,27
150,ChIJ8RTFfg3IkUcRrt8kx9e1GAk,60,64,63,23,67,34
150,ChIJBXbHDq25kUcRMXnWh1KtbwQ,50,50,32,16,50,20
150,ChIJ4fardXXIkUcRmbenGNHoM9c,61,67,21,50,50,20
152,ChIJHSyJS_5ynkcR1hC2vf5bVCs,65,57,41,20,52,84
152,ChIJO33lbex1nkcReqENVvSPak8,27,27,31,72,50,80
152,ChIJl5gkzeV1nkcRP_m-l4_qYxA,31,79,50,89,24,89
152,ChIJbTJCb2J1nkcRhMX1rN7JwFM,64,74,72,20,78,69
152,ChIJMa1hXIp1nkcRlbN72jsWSCQ,35,28,16,90,80,30
45,ChIJuz1If2LfnUcRLPZYvM-t0Cc,33,68,66,70,69,61
45,ChIJr15c7QH2dEcRP_0_dHfizN4,60,68,67,67,66,0
45,ChIJ5RU_54l1nkcRGcgbZINlpMk,41,72,63,74,62,78
45,ChIJkXU5GJAPCUERmS_E6L-EYE0,21,59,50,43,57,48
45,ChIJVVVVValYdEcRLfUSsFYEsRk,37,77,75,53,50,20
159,ChIJ-5vFZuZ1nkcR0Z6GAcbVX08,50,94,100,66,96,99
159,ChIJbyS9yOR1nkcRUCwH80RQmX8,50,98,95,100,76,92
159,ChIJ60Sm--V1nkcRv_e5yinXKME,81,74,76,50,96,97
159,ChIJU2i7zAB2nkcRBZ3nbBsKO10,60,67,38,50,65,85
159,ChIJOQn5CPl1nkcRFsylk6h8X1Q,50,57,28,32,74,76
112,ChIJHwJNaX53nkcRGSYuixLDJXE,42,71,77,0,33,80
112,ChIJb8qbNKrYnUcRmTIK1niVTRM,88,61,42,100,69,26
160,ChIJGWAg7zdznkcRVPNxQCF7d-o,38,100,60,26,82,67
160,ChIJ8edul6AHbUcR6faY3loHwaI,89,84,69,79,100,24
160,ChIJcbRVpkVNdEcRV1YJYx06lFY,30,76,40,0,37,22
160,ChIJbfe_W4ffnUcRLvUQJ-XgyJ8,39,77,66,27,48,60
160,ChIJ27XDA2-xdUcRh-PcbNwcvNA,38,84,90,60,55,76
162,ChIJ7cha3E9NdEcRm3ZJ_tKCNZ0,13,60,66,17,22,78
162,ChIJ27XDA2-xdUcRh-PcbNwcvNA,42,73,70,64,69,70
162,ChIJcbRVpkVNdEcRV1YJYx06lFY,40,64,54,36,63,61
162,ChIJIT-4CnWxdUcRqrb5UcasMbU,62,80,63,63,61,42
162,ChIJab0H05-xdUcR-JzdcY5tXnQ,43,65,61,63,78,32
161,ChIJcbRVpkVNdEcRV1YJYx06lFY,66,45,37,27,71,26
161,ChIJ27XDA2-xdUcRh-PcbNwcvNA,61,70,62,73,60,33
161,ChIJ7cha3E9NdEcRm3ZJ_tKCNZ0,17,60,84,36,26,83
161,ChIJIT-4CnWxdUcRqrb5UcasMbU,61,74,64,40,60,31
161,ChIJGWAg7zdznkcRVPNxQCF7d-o,59,82,76,70,90,36
20,ChIJyyutSvV1nkcRvfYMURk_ryQ,59,100,79,64,69,89
20,ChIJyXn4u4t1nkcRF6utwBttGKQ,81,86,42,82,78,69
20,ChIJ5RU_54l1nkcRGcgbZINlpMk,79,84,69,79,36,97
20,ChIJiw01Qop1nkcRvZRx8z-Unbo,32,87,45,71,60,86
165,ChIJI8AhzSzOnUcRGPpB7EhLhNw,37,50,50,19,14,11
165,ChIJawdkfQX4CEERDdnRQLZC420,50,85,82,50,85,50
165,ChIJ9wbqT9tBOxMR11YAMD-tCMw,50,79,77,64,21,50
165,ChIJz3tpnA3OnUcRPSeD8kyRu4A,62,86,87,50,98,72
165,ChIJ2bbivOR1nkcR4BMbEXLaefU,88,19,16,50,17,20
164,ChIJawdkfQX4CEERDdnRQLZC420,71,83,82,29,86,75
164,ChIJI8AhzSzOnUcRGPpB7EhLhNw,34,29,50,20,67,71
164,ChIJz3tpnA3OnUcRPSeD8kyRu4A,70,79,76,64,89,73
164,ChIJ8RTFfg3IkUcRrt8kx9e1GAk,68,64,50,25,87,68
164,ChIJ9wbqT9tBOxMR11YAMD-tCMw,22,84,77,80,98,87
166,ChIJDbsXX2DfnUcR1faseFaTzPI,76,100,100,11,87,79
166,ChIJKS0MY-Z1nkcRFJd34UfOetA,0,100,100,9,100,83
166,ChIJI9krDPd1nkcR1lSv1ZktM2Q,64,100,100,0,100,92
166,ChIJTQlycvl1nkcRfNr4k7SUkxg,57,64,73,0,100,11
166,ChIJ4wviTeR1nkcRZz0pYWKDVpY,76,68,74,15,69,11
167,ChIJ1bcgsW_fnUcRsq9kNhPbLWI,71,96,96,62,43,68
167,ChIJoQgQVW7fnUcRJ0wlXSI2SaQ,39,97,86,35,40,61
167,ChIJxfxSz4t1nkcRLxq9ze1wwak,100,69,43,62,100,74
167,ChIJV8ScsvR1nkcRNjb_cjiH1_M,100,86,71,76,100,66
167,ChIJf6JbhL91nkcR1TtV570LWV8,0,80,82,100,100,100
170,ChIJE8Fr_kPfnUcRvw4X8mPGuYc,39,81,68,9,30,63
170,ChIJN1ZekWLfnUcR1QJuAZdyQKQ,48,65,77,69,92,63
170,ChIJ8_kwAYTYnUcRf7LU6AZtsrQ,30,100,100,71,100,80
170,ChIJ8fPPTu7YnUcR6yMAX44mXOM,66,85,90,81,75,75
170,ChIJ9zVssl7fnUcRP5x91pNJH-Q,64,86,81,70,25,73
171,ChIJg8uT8yjfnUcRQUaLoEQdiz0,17,96,61,72,65,72
171,ChIJs9m2L4h1nkcRH33znwtpr64,75,87,71,100,100,71
171,ChIJ7QZjgV_fnUcRQYr2Ii8RwOY,67,93,83,77,88,80
171,ChIJnUSq6_J1nkcRRXo0Cz9qHEY,100,72,89,75,76,27
171,ChIJc1iaGGDfnUcRUvk6-kRjpQ0,100,100,100,75,83,100
171,ChIJ9UAZIc2SHyMRvjDjbD8RAZ8,16,100,100,100,100,100
171,ChIJf1vDyfR1nkcR6xnseNKTYGU,73,88,88,65,77,84
171,ChIJl5gkzeV1nkcRP_m-l4_qYxA,0,81,68,99,68,69
171,ChIJkXU5GJAPCUERmS_E6L-EYE0,7,0,0,0,95,100
171,ChIJ21O6RMPYnUcRbDV-_4BpW-k,54,80,72,76,13,88
168,ChIJC25Ks-hx5kcRmxTAIkl62vg,88,76,65,70,80,0
168,ChIJvz3Ntrlx5kcRCylrI3QARlw,89,85,63,70,81,8
168,ChIJn82-Depv5kcRbitLK3lP0Bg,100,73,74,13,89,9
168,ChIJA2WozONv5kcRDN_4jmUSXBk,100,26,29,86,100,5
168,ChIJ0ZW-jUcmQg0RlNxO4kEq7Go,14,27,75,79,49,63
174,ChIJg_2BCLHGhkcRZl_qY7021EI,30,73,0,31,68,0
174,ChIJewAihSUmQg0RFuy-Rzya_mo,65,31,34,24,58,0
174,ChIJA2WozONv5kcRDN_4jmUSXBk,100,76,64,94,100,0
174,ChIJvz3Ntrlx5kcRCylrI3QARlw,83,80,50,19,81,0
174,ChIJlwwDkOxv5kcRbaSJSKYoEgs,73,79,68,9,100,0
2,ChIJe8ga9v11nkcRX8CtPNbgTJs,91,77,78,86,80,79
2,ChIJtzxWJeF1nkcRrizhO5GmNc0,94,86,100,90,29,85
2,ChIJv6cFqOB1nkcRtDDB8nQKndU,63,93,91,67,69,36
179,ChIJnSuRhevgnUcRV9GUC5Ayy6I,37,76,67,0,100,100
179,ChIJL2tI6dzgnUcRUjYFu6Zg7OY,62,73,43,63,34,72
180,ChIJpSww8ULfnUcRdXasT5xHJ44,50,100,70,20,72,73
180,ChIJ1y7jYk48nkcRvEq2q8W0R8Y,37,66,66,0,22,71
180,ChIJVx0uhVE8nkcRb4t2adszVCs,21,81,26,0,81,31
180,ChIJsal6wvR1nkcRCHvfcJC60iE,80,41,27,28,88,80
180,ChIJ85WkHE48nkcRB3urSc0VYow,17,100,100,0,81,100
181,ChIJy2Yzbyl0nkcRiUFD1IXRkSo,80,97,93,60,77,93
181,ChIJOfO-9ul1nkcR63_Pf96lg0I,68,97,92,82,76,93
181,ChIJC27CAfR1nkcRiK0NpJ9vrQ4,58,92,73,59,95,95
181,ChIJy8u1ail0nkcRrs9UcP8PYTI,40,100,100,28,100,100
181,ChIJ99EvYCh0nkcRDUDbGZm84gw,50,100,29,0,73,93
182,ChIJ99EvYCh0nkcRDUDbGZm84gw,27,97,36,8,67,88
182,ChIJD6Zlu7l1nkcRHzQXumBnFjU,61,82,79,31,71,76
182,ChIJSQbzt_Z1nkcR-FyOQcmfG9s,60,77,65,25,81,58
182,ChIJQW0wSr91nkcRZbyUT_e-uas,65,73,50,50,70,50
182,ChIJt8qQpO8DCUER0nYToh_dZbA,50,50,50,26,59,77
183,ChIJC27CAfR1nkcRiK0NpJ9vrQ4,62,97,79,50,94,96
183,ChIJn2eIyrh1nkcRJvpjJ8tXFjA,75,92,74,50,86,69
183,ChIJSQbzt_Z1nkcR-FyOQcmfG9s,65,87,66,25,84,66
183,ChIJnXCJ7_J1nkcR6vRc2lazYME,68,78,65,19,71,50
183,ChIJM-tMH8p1nkcRh0ybNfwMp2I,50,86,74,6,84,77
177,ChIJn-V2U6_YnUcRZAUheUbVza0,50,89,84,98,65,87
177,ChIJi5CqAlrYnUcRTII0xmeFTNM,50,62,62,75,64,62
177,ChIJMxRR4fZ1nkcRRuh1AGGTenk,35,50,45,53,74,50
177,ChIJc0zLmkzIlkcR8eahpX6vnqY,64,83,73,5,100,79
177,ChIJHYnxu_d1nkcRxcqt1g3epfA,75,75,74,0,69,83
151,ChIJqwG7v_d1nkcRmBuYTdGkJcA,50,50,50,50,50,50
151,ChIJP5GJtdKxEmsRqwQxZALwse0,50,50,50,50,50,50
151,ChIJB9Wc0p51nkcR4f8MhYf66Oc,100,26,50,0,0,0
151,ChIJ-c5XJ4p1nkcRtDee9eN7uAM,100,100,50,50,50,50
151,ChIJvUdRyzDEyIARh86Fi1C2hqI,100,100,100,50,100,46
184,ChIJ32MZl_N1nkcRAoAJV40ou20,67,80,68,0,31,36
184,ChIJhyi-iL91nkcRLT6yt9cgRf0,46,79,57,32,60,69
184,ChIJJ7Dh0qjYnUcRzTcmSrusvoQ,72,64,42,70,59,67
184,ChIJU-1sZfd1nkcRJqNANAsmEEA,50,37,43,26,21,74
184,ChIJ59GsrOR1nkcRMg90PlBcWZQ,70,77,69,33,21,62
24,ChIJkXU5GJAPCUERmS_E6L-EYE0,0,63,37,24,45,70
24,ChIJy7Fh4-V1nkcR1_htBHgiz5U,36,100,75,36,70,59
24,ChIJlVy_kut1nkcRMjKRjpBC6T4,64,82,39,72,70,61
24,ChIJMxRR4fZ1nkcRRuh1AGGTenk,37,32,63,60,76,48
29,ChIJYzzYuXPfnUcRjs1rhwS82JI,60,100,84,79,66,100
178,ChIJi8mM2MR1nkcREr7RKfG-r-A,69,100,100,66,100,100
178,ChIJ-bkTNdl1nkcR9QXkretobMQ,0,100,0,100,53,100
178,ChIJkeQBdEIQnkcRDN847YEFdcM,76,54,77,0,0,25
178,ChIJ1eBtPGZtiEcRmukTMhWOemU,100,0,0,100,100,0
178,ChIJO0W6n11iDWsR8ed53VY6CTU,0,100,100,100,0,100
188,ChIJpcSownBOyTURmP0VXIsQ6QY,77,65,68,64,39,39
188,ChIJ2_xHZ3RFyTURObKm-zOC4tg,60,82,78,32,65,83
188,ChIJPanmHx4vyTURBlnPmhnQ6mI,82,63,100,31,39,77
188,ChIJpZqF1kFFyTURxkNXcY74jGU,40,63,61,31,84,58
188,ChIJ2_43wc5S8DURiAu9njSliGE,87,82,75,12,76,68
189,ChIJ479Qk7JS8DUROBfMaOFMUQg,82,63,40,40,80,69
189,ChIJ2_43wc5S8DURiAu9njSliGE,71,69,70,30,67,65
189,ChIJ1-CWzM5S8DURznhiUAHBvn0,62,75,69,39,67,65
189,ChIJQxG40VdlsjURSVhPepPO3Vo,39,58,62,63,40,30
189,ChIJaxZXJA1FyTURznAn61IA8Rg,35,65,41,38,70,34
189,ChIJpcSownBOyTURmP0VXIsQ6QY,66,64,62,35,61,60
188,ChIJycU7ED9QyTURqjwt0QnmYas,62,65,91,38,62,29
190,ChIJTWgnK3tFyTURDZB38VaOnsA,32,68,59,34,62,37
190,ChIJ2_43wc5S8DURiAu9njSliGE,84,70,68,38,67,59
190,ChIJWY1mvo2MtTURbY3p7RgWiAI,64,60,43,75,61,60
190,ChIJZ3osp46MtTURJkNq_vgSJpQ,75,60,58,63,61,60
190,ChIJKbF-66GStTURocdSH5CUdnI,94,66,67,37,68,83
190,ChIJh_zeT46MtTUR5jdQl1UUJIg,62,40,63,63,63,41
192,ChIJN7kaXf5ynkcRpGXGwj8KDhY,65,85,83,15,74,15
192,ChIJzxAuRH4GdkcRoUzfbYzVuQc,35,63,15,0,36,28
192,ChIJeXr7aIsHdkcRTLGS-1IxGlY,40,88,26,12,49,73
192,ChIJKf2foPQHdkcRjiKwffj6LfQ,71,76,75,79,100,68
192,ChIJEUO_cUcJdkcR19pG0xTVNzc,82,72,71,7,32,63
191,ChIJBbPSPNQFdkcRqkhHgg-7bvo,39,89,64,68,70,61
191,ChIJzxAuRH4GdkcRoUzfbYzVuQc,33,64,33,0,31,67
191,ChIJeXr7aIsHdkcRTLGS-1IxGlY,31,73,35,16,62,52
191,ChIJh_WMwSv_CEERVxbuWsVnSeI,66,73,43,39,89,66
191,ChIJN7kaXf5ynkcRpGXGwj8KDhY,40,75,79,14,66,63
196,ChIJvR7MZWNrnEcRBZDfNzTf7ws,9,36,100,0,78,30
196,ChIJkxhfBm50nkcR2cAUnFgl_lc,43,64,72,38,100,67
196,ChIJJUm5el10nkcRWpdZtfNCRfE,22,88,80,26,65,87
196,ChIJmx2juHVrnEcR-F7zS8QV_rc,60,80,79,26,39,70
196,ChIJF8qBYm9rnEcReA0H-xSHU2o,18,70,74,34,50,50
197,ChIJjU2sObJ2nkcRY3KOr-SpdKA,40,81,97,88,32,73
197,ChIJiw01Qop1nkcRvZRx8z-Unbo,64,41,75,83,94,88
197,ChIJUWFHDb91nkcRs5VWZB5ZGd4,70,99,86,36,76,83
197,ChIJDcGVMC52nkcRYSGaHm491IQ,60,93,30,97,100,61
197,ChIJOeXL20F2nkcRLcPjHEDJjrg,36,92,76,100,86,100
198,ChIJiZ1PW1DfnUcRxRuM8f59N_Q,33,65,65,59,62,63
198,ChIJOeXL20F2nkcRLcPjHEDJjrg,60,67,50,79,78,86
198,ChIJV8rJWPR1nkcRfAVGOrZIeVs,73,82,77,74,82,60
198,ChIJe8ga9v11nkcRX8CtPNbgTJs,77,62,61,77,74,56
198,ChIJFwSNT_IBCUERKgoTuCz6Lho,57,66,70,70,59,60
